﻿{
    "InventoryFile":  "..\\data\\Repository_file_inventory.csv",
    "Steps":  [
                  {
                      "Duration":  0.10412719999999999,
                      "Status":  "Success",
                      "Name":  "Architecture Mapping"
                  },
                  {
                      "Duration":  0.1579985,
                      "Status":  "Success",
                      "Name":  "Integrity Verification"
                  },
                  {
                      "Duration":  0.0520027,
                      "Status":  "Success",
                      "OutputFile":  "..\\reports\\comprehensive_manifest.json",
                      "Name":  "Manifest Generation"
                  }
              ],
    "TargetPath":  "..\\iron-veil-sbg-main",
    "TotalDuration":  0.33213,
    "StartTime":  "\/Date(1764222995513)\/",
    "EndTime":  "\/Date(1764222995846)\/"
}
