﻿{
    "InventoryFile":  "..\\data\\Repository_file_inventory.csv",
    "Steps":  [
                  {
                      "Duration":  0.30778679999999997,
                      "Status":  "Success",
                      "Name":  "Architecture Mapping"
                  },
                  {
                      "Duration":  0.2369995,
                      "Status":  "Success",
                      "Name":  "Integrity Verification"
                  },
                  {
                      "Duration":  0.095002099999999992,
                      "Status":  "Success",
                      "OutputFile":  "..\\reports\\comprehensive_manifest.json",
                      "Name":  "Manifest Generation"
                  }
              ],
    "TargetPath":  "..\\iron-veil-sbg-main",
    "TotalDuration":  0.6882147,
    "StartTime":  "\/Date(1764222573394)\/",
    "EndTime":  "\/Date(1764222574082)\/"
}
