﻿{
    "Statistics":  {
                       "TotalSizeFormatted":  "8.97 KB",
                       "TotalDirectories":  3,
                       "FileExtensions":  {
                                              "Extension":  ".yml",
                                              "Count":  7,
                                              "TotalSize":  9190
                                          },
                       "TotalSize":  9190,
                       "TotalFiles":  7
                   },
    "Files":  [
                  {
                      "SizeFormatted":  "746 B",
                      "LastAccessTime":  "\/Date(1764220850247)\/",
                      "RelativePath":  ".github/dependabot.yml",
                      "Size":  746,
                      "FullPath":  "C:\\Users\\Dylan\\Downloads\\file-system-analyzer\\iron-veil-sbg-main\\.github\\dependabot.yml",
                      "LastWriteTime":  "\/Date(1764220052284)\/",
                      "Name":  "dependabot.yml",
                      "CreationTime":  "\/Date(1764220850246)\/",
                      "SHA256":  "2937af8b8903425088bbbc6f7a652365dbbf232d9c22b4eb9992eb5002483ae5",
                      "Attributes":  "Archive",
                      "Extension":  ".yml"
                  },
                  {
                      "SizeFormatted":  "2.18 KB",
                      "LastAccessTime":  "\/Date(1764220850248)\/",
                      "RelativePath":  ".github/ISSUE_TEMPLATE/bug_report.yml",
                      "Size":  2229,
                      "FullPath":  "C:\\Users\\Dylan\\Downloads\\file-system-analyzer\\iron-veil-sbg-main\\.github\\ISSUE_TEMPLATE\\bug_report.yml",
                      "LastWriteTime":  "\/Date(1764220052284)\/",
                      "Name":  "bug_report.yml",
                      "CreationTime":  "\/Date(1764220850248)\/",
                      "SHA256":  "06a12e4d96bd7d64985ff5b6102f27cc42fc5c410bcdcaa986ca379d0bca14f8",
                      "Attributes":  "Archive",
                      "Extension":  ".yml"
                  },
                  {
                      "SizeFormatted":  "1.88 KB",
                      "LastAccessTime":  "\/Date(1764220850249)\/",
                      "RelativePath":  ".github/ISSUE_TEMPLATE/feature_request.yml",
                      "Size":  1925,
                      "FullPath":  "C:\\Users\\Dylan\\Downloads\\file-system-analyzer\\iron-veil-sbg-main\\.github\\ISSUE_TEMPLATE\\feature_request.yml",
                      "LastWriteTime":  "\/Date(1764220052284)\/",
                      "Name":  "feature_request.yml",
                      "CreationTime":  "\/Date(1764220850249)\/",
                      "SHA256":  "d236dfd3a3ef461c5bacfdf5b8be62a8bf0fe5b127459a83bbf08ab2909232c7",
                      "Attributes":  "Archive",
                      "Extension":  ".yml"
                  },
                  {
                      "SizeFormatted":  "907 B",
                      "LastAccessTime":  "\/Date(1764220850252)\/",
                      "RelativePath":  ".github/workflows/codeql.yml",
                      "Size":  907,
                      "FullPath":  "C:\\Users\\Dylan\\Downloads\\file-system-analyzer\\iron-veil-sbg-main\\.github\\workflows\\codeql.yml",
                      "LastWriteTime":  "\/Date(1764220052284)\/",
                      "Name":  "codeql.yml",
                      "CreationTime":  "\/Date(1764220850251)\/",
                      "SHA256":  "2a07274413bc4ca4deccaab6dbf7cafb5461bd3a92f189e8d4ca81fc939752ee",
                      "Attributes":  "Archive",
                      "Extension":  ".yml"
                  },
                  {
                      "SizeFormatted":  "1.18 KB",
                      "LastAccessTime":  "\/Date(1764220850253)\/",
                      "RelativePath":  ".github/workflows/reusable-sbg.yml",
                      "Size":  1208,
                      "FullPath":  "C:\\Users\\Dylan\\Downloads\\file-system-analyzer\\iron-veil-sbg-main\\.github\\workflows\\reusable-sbg.yml",
                      "LastWriteTime":  "\/Date(1764220052285)\/",
                      "Name":  "reusable-sbg.yml",
                      "CreationTime":  "\/Date(1764220850253)\/",
                      "SHA256":  "7f4a22492825e778828df15834aa50425e64a1d8bb81ad6cad8da0b092986265",
                      "Attributes":  "Archive",
                      "Extension":  ".yml"
                  },
                  {
                      "SizeFormatted":  "1.39 KB",
                      "LastAccessTime":  "\/Date(1764220850254)\/",
                      "RelativePath":  ".github/workflows/sbg-strict.yml",
                      "Size":  1427,
                      "FullPath":  "C:\\Users\\Dylan\\Downloads\\file-system-analyzer\\iron-veil-sbg-main\\.github\\workflows\\sbg-strict.yml",
                      "LastWriteTime":  "\/Date(1764220052285)\/",
                      "Name":  "sbg-strict.yml",
                      "CreationTime":  "\/Date(1764220850254)\/",
                      "SHA256":  "25a64fc7c5a1286ce021a3268f90b2df325a82de281e6c95a40daaf733f386ca",
                      "Attributes":  "Archive",
                      "Extension":  ".yml"
                  },
                  {
                      "SizeFormatted":  "748 B",
                      "LastAccessTime":  "\/Date(1764220850255)\/",
                      "RelativePath":  ".github/workflows/sbg.yml",
                      "Size":  748,
                      "FullPath":  "C:\\Users\\Dylan\\Downloads\\file-system-analyzer\\iron-veil-sbg-main\\.github\\workflows\\sbg.yml",
                      "LastWriteTime":  "\/Date(1764220052285)\/",
                      "Name":  "sbg.yml",
                      "CreationTime":  "\/Date(1764220850255)\/",
                      "SHA256":  "27b1a608fc5f4389852a7d2d8434ebeeba1e0c837ec155b24b0c3bb6f90a936d",
                      "Attributes":  "Archive",
                      "Extension":  ".yml"
                  }
              ],
    "Generated":  "2025-11-26T22:49:33Z",
    "TargetPath":  "C:\\Users\\Dylan\\Downloads\\file-system-analyzer\\iron-veil-sbg-main"
}
