﻿{
    "TargetPath":  "C:\\Users\\Dylan\\Downloads\\file-system-analyzer\\iron-veil-sbg-main",
    "Version":  "1.0",
    "FileTypeStatistics":  {
                               "TotalSizeFormatted":  "8.97 KB",
                               "Extension":  ".yml",
                               "Count":  7,
                               "TotalSize":  9190
                           },
    "TotalFiles":  7,
    "TotalSizeFormatted":  "8.97 KB",
    "Files":  [
                  {
                      "Size":  746,
                      "RelativePath":  ".github/dependabot.yml",
                      "LastWriteTime":  "2025-11-26T22:07:32",
                      "Extension":  ".yml",
                      "Index":  0,
                      "SHA256":  "2937af8b8903425088bbbc6f7a652365dbbf232d9c22b4eb9992eb5002483ae5",
                      "Name":  "dependabot.yml",
                      "SizeFormatted":  "746 B",
                      "CreationTime":  "2025-11-26T22:20:50",
                      "FullPath":  "C:\\Users\\Dylan\\Downloads\\file-system-analyzer\\iron-veil-sbg-main\\.github\\dependabot.yml",
                      "Attributes":  "Archive",
                      "LastAccessTime":  "2025-11-26T22:20:50"
                  },
                  {
                      "Size":  2229,
                      "RelativePath":  ".github/ISSUE_TEMPLATE/bug_report.yml",
                      "LastWriteTime":  "2025-11-26T22:07:32",
                      "Extension":  ".yml",
                      "Index":  1,
                      "SHA256":  "06a12e4d96bd7d64985ff5b6102f27cc42fc5c410bcdcaa986ca379d0bca14f8",
                      "Name":  "bug_report.yml",
                      "SizeFormatted":  "2.18 KB",
                      "CreationTime":  "2025-11-26T22:20:50",
                      "FullPath":  "C:\\Users\\Dylan\\Downloads\\file-system-analyzer\\iron-veil-sbg-main\\.github\\ISSUE_TEMPLATE\\bug_report.yml",
                      "Attributes":  "Archive",
                      "LastAccessTime":  "2025-11-26T22:20:50"
                  },
                  {
                      "Size":  1925,
                      "RelativePath":  ".github/ISSUE_TEMPLATE/feature_request.yml",
                      "LastWriteTime":  "2025-11-26T22:07:32",
                      "Extension":  ".yml",
                      "Index":  2,
                      "SHA256":  "d236dfd3a3ef461c5bacfdf5b8be62a8bf0fe5b127459a83bbf08ab2909232c7",
                      "Name":  "feature_request.yml",
                      "SizeFormatted":  "1.88 KB",
                      "CreationTime":  "2025-11-26T22:20:50",
                      "FullPath":  "C:\\Users\\Dylan\\Downloads\\file-system-analyzer\\iron-veil-sbg-main\\.github\\ISSUE_TEMPLATE\\feature_request.yml",
                      "Attributes":  "Archive",
                      "LastAccessTime":  "2025-11-26T22:20:50"
                  },
                  {
                      "Size":  907,
                      "RelativePath":  ".github/workflows/codeql.yml",
                      "LastWriteTime":  "2025-11-26T22:07:32",
                      "Extension":  ".yml",
                      "Index":  3,
                      "SHA256":  "2a07274413bc4ca4deccaab6dbf7cafb5461bd3a92f189e8d4ca81fc939752ee",
                      "Name":  "codeql.yml",
                      "SizeFormatted":  "907 B",
                      "CreationTime":  "2025-11-26T22:20:50",
                      "FullPath":  "C:\\Users\\Dylan\\Downloads\\file-system-analyzer\\iron-veil-sbg-main\\.github\\workflows\\codeql.yml",
                      "Attributes":  "Archive",
                      "LastAccessTime":  "2025-11-26T22:20:50"
                  },
                  {
                      "Size":  1208,
                      "RelativePath":  ".github/workflows/reusable-sbg.yml",
                      "LastWriteTime":  "2025-11-26T22:07:32",
                      "Extension":  ".yml",
                      "Index":  4,
                      "SHA256":  "7f4a22492825e778828df15834aa50425e64a1d8bb81ad6cad8da0b092986265",
                      "Name":  "reusable-sbg.yml",
                      "SizeFormatted":  "1.18 KB",
                      "CreationTime":  "2025-11-26T22:20:50",
                      "FullPath":  "C:\\Users\\Dylan\\Downloads\\file-system-analyzer\\iron-veil-sbg-main\\.github\\workflows\\reusable-sbg.yml",
                      "Attributes":  "Archive",
                      "LastAccessTime":  "2025-11-26T22:20:50"
                  },
                  {
                      "Size":  1427,
                      "RelativePath":  ".github/workflows/sbg-strict.yml",
                      "LastWriteTime":  "2025-11-26T22:07:32",
                      "Extension":  ".yml",
                      "Index":  5,
                      "SHA256":  "25a64fc7c5a1286ce021a3268f90b2df325a82de281e6c95a40daaf733f386ca",
                      "Name":  "sbg-strict.yml",
                      "SizeFormatted":  "1.39 KB",
                      "CreationTime":  "2025-11-26T22:20:50",
                      "FullPath":  "C:\\Users\\Dylan\\Downloads\\file-system-analyzer\\iron-veil-sbg-main\\.github\\workflows\\sbg-strict.yml",
                      "Attributes":  "Archive",
                      "LastAccessTime":  "2025-11-26T22:20:50"
                  },
                  {
                      "Size":  748,
                      "RelativePath":  ".github/workflows/sbg.yml",
                      "LastWriteTime":  "2025-11-26T22:07:32",
                      "Extension":  ".yml",
                      "Index":  6,
                      "SHA256":  "27b1a608fc5f4389852a7d2d8434ebeeba1e0c837ec155b24b0c3bb6f90a936d",
                      "Name":  "sbg.yml",
                      "SizeFormatted":  "748 B",
                      "CreationTime":  "2025-11-26T22:20:50",
                      "FullPath":  "C:\\Users\\Dylan\\Downloads\\file-system-analyzer\\iron-veil-sbg-main\\.github\\workflows\\sbg.yml",
                      "Attributes":  "Archive",
                      "LastAccessTime":  "2025-11-26T22:20:50"
                  }
              ],
    "TotalSize":  9190,
    "Generator":  "ManifestGenerator.ps1",
    "Generated":  "2025-11-26T22:56:35Z"
}
