﻿"File","Status","ExpectedHash","ActualHash","ExpectedSize","ActualSize","HashMatch","SizeMatch","Error","Timestamp"
"iron-veil-sbg-main/.editorconfig","MISSING","9ff02b5f94e6cd180b657b690fe8a76936ea9f2f376e7bb0ce327130008b5b24","","186","0","False","False","File not found","11/26/2025 10:49:33 PM"
"iron-veil-sbg-main/.gitattributes","MISSING","d60f352d0db1404c70afb4bb8b2ca3fd1c610572aa40720e8a0b7baa7885418c","","19","0","False","False","File not found","11/26/2025 10:49:33 PM"
"iron-veil-sbg-main/.github/CODEOWNERS","MISSING","3a40f4b5adc4a1316d0bf38214e2dfd7f1eb557605f41d1481fb83afbe17ab7e","","20","0","False","False","File not found","11/26/2025 10:49:33 PM"
"iron-veil-sbg-main/.github/ISSUE_TEMPLATE/bug_report.yml","BOTH_MISMATCH","ef44e768fb333ccde917cb84db62c7fb4ea292253c84f3c6534a068882417b2d","06a12e4d96bd7d64985ff5b6102f27cc42fc5c410bcdcaa986ca379d0bca14f8","499","2229","False","False","Hash and size both mismatch","11/26/2025 10:49:33 PM"
"iron-veil-sbg-main/.github/ISSUE_TEMPLATE/feature_request.yml","BOTH_MISMATCH","4b3cbbb0e866461f0f78ba5d1bd8a927b0bda3117deccb3ad6c31989caef0dd2","d236dfd3a3ef461c5bacfdf5b8be62a8bf0fe5b127459a83bbf08ab2909232c7","630","1925","False","False","Hash and size both mismatch","11/26/2025 10:49:33 PM"
"iron-veil-sbg-main/.github/PULL_REQUEST_TEMPLATE.md","MISSING","41b7e0d2fde5325f064fdaaf96b295c6a96ca0e7c394a57584a7ac65d3b226bd","","409","0","False","False","File not found","11/26/2025 10:49:33 PM"
"iron-veil-sbg-main/.github/dependabot.yml","BOTH_MISMATCH","058771b54eae03f46b242ed93f5eb1e1137dfaf9c2242b41086b1de7f9cd538d","2937af8b8903425088bbbc6f7a652365dbbf232d9c22b4eb9992eb5002483ae5","149","746","False","False","Hash and size both mismatch","11/26/2025 10:49:33 PM"
"iron-veil-sbg-main/.github/workflows/codeql.yml","BOTH_MISMATCH","56ba18085c91cb82692287168a425680d1da02255863ce8d9b754d94f2fc7e3b","2a07274413bc4ca4deccaab6dbf7cafb5461bd3a92f189e8d4ca81fc939752ee","827","907","False","False","Hash and size both mismatch","11/26/2025 10:49:33 PM"
"iron-veil-sbg-main/.github/workflows/reusable-sbg.yml","BOTH_MISMATCH","3a0f1f0e6be114341211bbbbc591560e96d77af1617a5ec1aa3d3fdaaeaa52b9","7f4a22492825e778828df15834aa50425e64a1d8bb81ad6cad8da0b092986265","4657","1208","False","False","Hash and size both mismatch","11/26/2025 10:49:33 PM"
"iron-veil-sbg-main/.github/workflows/sbg-strict.yml","BOTH_MISMATCH","f2ef2e2b0b0b39603a6d3698a033256aa2dcb0534d2eb185c1d5fe95f375e7d0","25a64fc7c5a1286ce021a3268f90b2df325a82de281e6c95a40daaf733f386ca","3252","1427","False","False","Hash and size both mismatch","11/26/2025 10:49:33 PM"
"iron-veil-sbg-main/.github/workflows/sbg.yml","BOTH_MISMATCH","a4aa5b875a6a8dfab452b736fc043b4c6e5f1e4e48923c0026214686ec0d0cea","27b1a608fc5f4389852a7d2d8434ebeeba1e0c837ec155b24b0c3bb6f90a936d","3099","748","False","False","Hash and size both mismatch","11/26/2025 10:49:33 PM"
"iron-veil-sbg-main/CHANGELOG.md","MISSING","fac31dadcbadb6f346030ad6e2a2ca4b45e44801a976ac4ca5d5852f7d6d6cd8","","219","0","False","False","File not found","11/26/2025 10:49:33 PM"
"iron-veil-sbg-main/CODE_OF_CONDUCT.md","MISSING","35138bf590ed6a7c9faaa30d683cf986382bb6bbdbc8d7ee71f314a08f9781ef","","423","0","False","False","File not found","11/26/2025 10:49:33 PM"
"iron-veil-sbg-main/CONTRIBUTING.md","MISSING","16eddbdfaa45a52db241885e70dfd561e0bf9461345b61f11b7c32047daa488b","","740","0","False","False","File not found","11/26/2025 10:49:33 PM"
"iron-veil-sbg-main/LICENSE","MISSING","78084765dd9dc9be7b82de2a1a42e6d78e09d92b87c680b08f829dacbf6e375b","","797","0","False","False","File not found","11/26/2025 10:49:33 PM"
"iron-veil-sbg-main/PRIVACY.md","MISSING","2fbad5363fdde5af049f61446ac789ab85f8ce621ffb22a7031c349039b85b88","","321","0","False","False","File not found","11/26/2025 10:49:33 PM"
"iron-veil-sbg-main/README.md","MISSING","c98f45ae813f88ed847829d5ed85c6b5b70c2603dcea28fda2b972b1e41b8d08","","2495","0","False","False","File not found","11/26/2025 10:49:33 PM"
"iron-veil-sbg-main/SECURITY.md","MISSING","9f78a0f899dc1af2c8dba51029584d583264726f3923ba22e0a494feac05a66e","","156","0","False","False","File not found","11/26/2025 10:49:33 PM"
"iron-veil-sbg-main/SUPPORT.md","MISSING","5e6d671b91dcda626b602d95eb2e878f87da664518818378c57d2a3dc98fe356","","116","0","False","False","File not found","11/26/2025 10:49:33 PM"
"iron-veil-sbg-main/docs/CONSUMER-SETUP.md","MISSING","2ce32956bd53c40572a7a75bbd5881613e4090618f8209f29a913c45f39deb89","","308","0","False","False","File not found","11/26/2025 10:49:33 PM"
"iron-veil-sbg-main/docs/PARTNER-PITCH.md","MISSING","d50360fb576e33601257a6482f6cb6f291cbc7f1ae05c921158a7bfb50f93344","","1072","0","False","False","File not found","11/26/2025 10:49:33 PM"
"iron-veil-sbg-main/docs/SBOM.md","MISSING","bcea67f7abd16836f80fa048f9c31deacc3452d693d132bd1692863674c3fde8","","181","0","False","False","File not found","11/26/2025 10:49:33 PM"
"iron-veil-sbg-main/docs/SECURITY_FEATURES.md","MISSING","2f217df2c7d427a4df625e786645174b8aabed380d3837e2dbdc12f0874d81a3","","425","0","False","False","File not found","11/26/2025 10:49:33 PM"
