﻿{
    "Summary":  {
                    "DurationSeconds":  0.11699999999999999,
                    "Failed":  7,
                    "Total":  23,
                    "Errors":  0,
                    "Missing":  16,
                    "Verified":  0
                },
    "InventoryFile":  "..\\data\\Repository_file_inventory.csv",
    "BasePath":  "C:\\Users\\Dylan\\Downloads\\file-system-analyzer",
    "Generated":  "2025-11-26T22:49:33Z",
    "Results":  [
                    {
                        "File":  "iron-veil-sbg-main/.editorconfig",
                        "Status":  "MISSING",
                        "ExpectedHash":  "9ff02b5f94e6cd180b657b690fe8a76936ea9f2f376e7bb0ce327130008b5b24",
                        "ActualHash":  "",
                        "ExpectedSize":  186,
                        "ActualSize":  0,
                        "HashMatch":  false,
                        "SizeMatch":  false,
                        "Error":  "File not found",
                        "Timestamp":  {
                                          "value":  "\/Date(1764222573801)\/",
                                          "DisplayHint":  2,
                                          "DateTime":  "Wednesday, November 26, 2025 10:49:33 PM"
                                      }
                    },
                    {
                        "File":  "iron-veil-sbg-main/.gitattributes",
                        "Status":  "MISSING",
                        "ExpectedHash":  "d60f352d0db1404c70afb4bb8b2ca3fd1c610572aa40720e8a0b7baa7885418c",
                        "ActualHash":  "",
                        "ExpectedSize":  19,
                        "ActualSize":  0,
                        "HashMatch":  false,
                        "SizeMatch":  false,
                        "Error":  "File not found",
                        "Timestamp":  {
                                          "value":  "\/Date(1764222573807)\/",
                                          "DisplayHint":  2,
                                          "DateTime":  "Wednesday, November 26, 2025 10:49:33 PM"
                                      }
                    },
                    {
                        "File":  "iron-veil-sbg-main/.github/CODEOWNERS",
                        "Status":  "MISSING",
                        "ExpectedHash":  "3a40f4b5adc4a1316d0bf38214e2dfd7f1eb557605f41d1481fb83afbe17ab7e",
                        "ActualHash":  "",
                        "ExpectedSize":  20,
                        "ActualSize":  0,
                        "HashMatch":  false,
                        "SizeMatch":  false,
                        "Error":  "File not found",
                        "Timestamp":  {
                                          "value":  "\/Date(1764222573811)\/",
                                          "DisplayHint":  2,
                                          "DateTime":  "Wednesday, November 26, 2025 10:49:33 PM"
                                      }
                    },
                    {
                        "File":  "iron-veil-sbg-main/.github/ISSUE_TEMPLATE/bug_report.yml",
                        "Status":  "BOTH_MISMATCH",
                        "ExpectedHash":  "ef44e768fb333ccde917cb84db62c7fb4ea292253c84f3c6534a068882417b2d",
                        "ActualHash":  "06a12e4d96bd7d64985ff5b6102f27cc42fc5c410bcdcaa986ca379d0bca14f8",
                        "ExpectedSize":  499,
                        "ActualSize":  2229,
                        "HashMatch":  false,
                        "SizeMatch":  false,
                        "Error":  "Hash and size both mismatch",
                        "Timestamp":  {
                                          "value":  "\/Date(1764222573814)\/",
                                          "DisplayHint":  2,
                                          "DateTime":  "Wednesday, November 26, 2025 10:49:33 PM"
                                      }
                    },
                    {
                        "File":  "iron-veil-sbg-main/.github/ISSUE_TEMPLATE/feature_request.yml",
                        "Status":  "BOTH_MISMATCH",
                        "ExpectedHash":  "4b3cbbb0e866461f0f78ba5d1bd8a927b0bda3117deccb3ad6c31989caef0dd2",
                        "ActualHash":  "d236dfd3a3ef461c5bacfdf5b8be62a8bf0fe5b127459a83bbf08ab2909232c7",
                        "ExpectedSize":  630,
                        "ActualSize":  1925,
                        "HashMatch":  false,
                        "SizeMatch":  false,
                        "Error":  "Hash and size both mismatch",
                        "Timestamp":  {
                                          "value":  "\/Date(1764222573828)\/",
                                          "DisplayHint":  2,
                                          "DateTime":  "Wednesday, November 26, 2025 10:49:33 PM"
                                      }
                    },
                    {
                        "File":  "iron-veil-sbg-main/.github/PULL_REQUEST_TEMPLATE.md",
                        "Status":  "MISSING",
                        "ExpectedHash":  "41b7e0d2fde5325f064fdaaf96b295c6a96ca0e7c394a57584a7ac65d3b226bd",
                        "ActualHash":  "",
                        "ExpectedSize":  409,
                        "ActualSize":  0,
                        "HashMatch":  false,
                        "SizeMatch":  false,
                        "Error":  "File not found",
                        "Timestamp":  {
                                          "value":  "\/Date(1764222573835)\/",
                                          "DisplayHint":  2,
                                          "DateTime":  "Wednesday, November 26, 2025 10:49:33 PM"
                                      }
                    },
                    {
                        "File":  "iron-veil-sbg-main/.github/dependabot.yml",
                        "Status":  "BOTH_MISMATCH",
                        "ExpectedHash":  "058771b54eae03f46b242ed93f5eb1e1137dfaf9c2242b41086b1de7f9cd538d",
                        "ActualHash":  "2937af8b8903425088bbbc6f7a652365dbbf232d9c22b4eb9992eb5002483ae5",
                        "ExpectedSize":  149,
                        "ActualSize":  746,
                        "HashMatch":  false,
                        "SizeMatch":  false,
                        "Error":  "Hash and size both mismatch",
                        "Timestamp":  {
                                          "value":  "\/Date(1764222573839)\/",
                                          "DisplayHint":  2,
                                          "DateTime":  "Wednesday, November 26, 2025 10:49:33 PM"
                                      }
                    },
                    {
                        "File":  "iron-veil-sbg-main/.github/workflows/codeql.yml",
                        "Status":  "BOTH_MISMATCH",
                        "ExpectedHash":  "56ba18085c91cb82692287168a425680d1da02255863ce8d9b754d94f2fc7e3b",
                        "ActualHash":  "2a07274413bc4ca4deccaab6dbf7cafb5461bd3a92f189e8d4ca81fc939752ee",
                        "ExpectedSize":  827,
                        "ActualSize":  907,
                        "HashMatch":  false,
                        "SizeMatch":  false,
                        "Error":  "Hash and size both mismatch",
                        "Timestamp":  {
                                          "value":  "\/Date(1764222573846)\/",
                                          "DisplayHint":  2,
                                          "DateTime":  "Wednesday, November 26, 2025 10:49:33 PM"
                                      }
                    },
                    {
                        "File":  "iron-veil-sbg-main/.github/workflows/reusable-sbg.yml",
                        "Status":  "BOTH_MISMATCH",
                        "ExpectedHash":  "3a0f1f0e6be114341211bbbbc591560e96d77af1617a5ec1aa3d3fdaaeaa52b9",
                        "ActualHash":  "7f4a22492825e778828df15834aa50425e64a1d8bb81ad6cad8da0b092986265",
                        "ExpectedSize":  4657,
                        "ActualSize":  1208,
                        "HashMatch":  false,
                        "SizeMatch":  false,
                        "Error":  "Hash and size both mismatch",
                        "Timestamp":  {
                                          "value":  "\/Date(1764222573853)\/",
                                          "DisplayHint":  2,
                                          "DateTime":  "Wednesday, November 26, 2025 10:49:33 PM"
                                      }
                    },
                    {
                        "File":  "iron-veil-sbg-main/.github/workflows/sbg-strict.yml",
                        "Status":  "BOTH_MISMATCH",
                        "ExpectedHash":  "f2ef2e2b0b0b39603a6d3698a033256aa2dcb0534d2eb185c1d5fe95f375e7d0",
                        "ActualHash":  "25a64fc7c5a1286ce021a3268f90b2df325a82de281e6c95a40daaf733f386ca",
                        "ExpectedSize":  3252,
                        "ActualSize":  1427,
                        "HashMatch":  false,
                        "SizeMatch":  false,
                        "Error":  "Hash and size both mismatch",
                        "Timestamp":  {
                                          "value":  "\/Date(1764222573860)\/",
                                          "DisplayHint":  2,
                                          "DateTime":  "Wednesday, November 26, 2025 10:49:33 PM"
                                      }
                    },
                    {
                        "File":  "iron-veil-sbg-main/.github/workflows/sbg.yml",
                        "Status":  "BOTH_MISMATCH",
                        "ExpectedHash":  "a4aa5b875a6a8dfab452b736fc043b4c6e5f1e4e48923c0026214686ec0d0cea",
                        "ActualHash":  "27b1a608fc5f4389852a7d2d8434ebeeba1e0c837ec155b24b0c3bb6f90a936d",
                        "ExpectedSize":  3099,
                        "ActualSize":  748,
                        "HashMatch":  false,
                        "SizeMatch":  false,
                        "Error":  "Hash and size both mismatch",
                        "Timestamp":  {
                                          "value":  "\/Date(1764222573867)\/",
                                          "DisplayHint":  2,
                                          "DateTime":  "Wednesday, November 26, 2025 10:49:33 PM"
                                      }
                    },
                    {
                        "File":  "iron-veil-sbg-main/CHANGELOG.md",
                        "Status":  "MISSING",
                        "ExpectedHash":  "fac31dadcbadb6f346030ad6e2a2ca4b45e44801a976ac4ca5d5852f7d6d6cd8",
                        "ActualHash":  "",
                        "ExpectedSize":  219,
                        "ActualSize":  0,
                        "HashMatch":  false,
                        "SizeMatch":  false,
                        "Error":  "File not found",
                        "Timestamp":  {
                                          "value":  "\/Date(1764222573874)\/",
                                          "DisplayHint":  2,
                                          "DateTime":  "Wednesday, November 26, 2025 10:49:33 PM"
                                      }
                    },
                    {
                        "File":  "iron-veil-sbg-main/CODE_OF_CONDUCT.md",
                        "Status":  "MISSING",
                        "ExpectedHash":  "35138bf590ed6a7c9faaa30d683cf986382bb6bbdbc8d7ee71f314a08f9781ef",
                        "ActualHash":  "",
                        "ExpectedSize":  423,
                        "ActualSize":  0,
                        "HashMatch":  false,
                        "SizeMatch":  false,
                        "Error":  "File not found",
                        "Timestamp":  {
                                          "value":  "\/Date(1764222573877)\/",
                                          "DisplayHint":  2,
                                          "DateTime":  "Wednesday, November 26, 2025 10:49:33 PM"
                                      }
                    },
                    {
                        "File":  "iron-veil-sbg-main/CONTRIBUTING.md",
                        "Status":  "MISSING",
                        "ExpectedHash":  "16eddbdfaa45a52db241885e70dfd561e0bf9461345b61f11b7c32047daa488b",
                        "ActualHash":  "",
                        "ExpectedSize":  740,
                        "ActualSize":  0,
                        "HashMatch":  false,
                        "SizeMatch":  false,
                        "Error":  "File not found",
                        "Timestamp":  {
                                          "value":  "\/Date(1764222573879)\/",
                                          "DisplayHint":  2,
                                          "DateTime":  "Wednesday, November 26, 2025 10:49:33 PM"
                                      }
                    },
                    {
                        "File":  "iron-veil-sbg-main/LICENSE",
                        "Status":  "MISSING",
                        "ExpectedHash":  "78084765dd9dc9be7b82de2a1a42e6d78e09d92b87c680b08f829dacbf6e375b",
                        "ActualHash":  "",
                        "ExpectedSize":  797,
                        "ActualSize":  0,
                        "HashMatch":  false,
                        "SizeMatch":  false,
                        "Error":  "File not found",
                        "Timestamp":  {
                                          "value":  "\/Date(1764222573882)\/",
                                          "DisplayHint":  2,
                                          "DateTime":  "Wednesday, November 26, 2025 10:49:33 PM"
                                      }
                    },
                    {
                        "File":  "iron-veil-sbg-main/PRIVACY.md",
                        "Status":  "MISSING",
                        "ExpectedHash":  "2fbad5363fdde5af049f61446ac789ab85f8ce621ffb22a7031c349039b85b88",
                        "ActualHash":  "",
                        "ExpectedSize":  321,
                        "ActualSize":  0,
                        "HashMatch":  false,
                        "SizeMatch":  false,
                        "Error":  "File not found",
                        "Timestamp":  {
                                          "value":  "\/Date(1764222573885)\/",
                                          "DisplayHint":  2,
                                          "DateTime":  "Wednesday, November 26, 2025 10:49:33 PM"
                                      }
                    },
                    {
                        "File":  "iron-veil-sbg-main/README.md",
                        "Status":  "MISSING",
                        "ExpectedHash":  "c98f45ae813f88ed847829d5ed85c6b5b70c2603dcea28fda2b972b1e41b8d08",
                        "ActualHash":  "",
                        "ExpectedSize":  2495,
                        "ActualSize":  0,
                        "HashMatch":  false,
                        "SizeMatch":  false,
                        "Error":  "File not found",
                        "Timestamp":  {
                                          "value":  "\/Date(1764222573888)\/",
                                          "DisplayHint":  2,
                                          "DateTime":  "Wednesday, November 26, 2025 10:49:33 PM"
                                      }
                    },
                    {
                        "File":  "iron-veil-sbg-main/SECURITY.md",
                        "Status":  "MISSING",
                        "ExpectedHash":  "9f78a0f899dc1af2c8dba51029584d583264726f3923ba22e0a494feac05a66e",
                        "ActualHash":  "",
                        "ExpectedSize":  156,
                        "ActualSize":  0,
                        "HashMatch":  false,
                        "SizeMatch":  false,
                        "Error":  "File not found",
                        "Timestamp":  {
                                          "value":  "\/Date(1764222573891)\/",
                                          "DisplayHint":  2,
                                          "DateTime":  "Wednesday, November 26, 2025 10:49:33 PM"
                                      }
                    },
                    {
                        "File":  "iron-veil-sbg-main/SUPPORT.md",
                        "Status":  "MISSING",
                        "ExpectedHash":  "5e6d671b91dcda626b602d95eb2e878f87da664518818378c57d2a3dc98fe356",
                        "ActualHash":  "",
                        "ExpectedSize":  116,
                        "ActualSize":  0,
                        "HashMatch":  false,
                        "SizeMatch":  false,
                        "Error":  "File not found",
                        "Timestamp":  {
                                          "value":  "\/Date(1764222573894)\/",
                                          "DisplayHint":  2,
                                          "DateTime":  "Wednesday, November 26, 2025 10:49:33 PM"
                                      }
                    },
                    {
                        "File":  "iron-veil-sbg-main/docs/CONSUMER-SETUP.md",
                        "Status":  "MISSING",
                        "ExpectedHash":  "2ce32956bd53c40572a7a75bbd5881613e4090618f8209f29a913c45f39deb89",
                        "ActualHash":  "",
                        "ExpectedSize":  308,
                        "ActualSize":  0,
                        "HashMatch":  false,
                        "SizeMatch":  false,
                        "Error":  "File not found",
                        "Timestamp":  {
                                          "value":  "\/Date(1764222573898)\/",
                                          "DisplayHint":  2,
                                          "DateTime":  "Wednesday, November 26, 2025 10:49:33 PM"
                                      }
                    },
                    {
                        "File":  "iron-veil-sbg-main/docs/PARTNER-PITCH.md",
                        "Status":  "MISSING",
                        "ExpectedHash":  "d50360fb576e33601257a6482f6cb6f291cbc7f1ae05c921158a7bfb50f93344",
                        "ActualHash":  "",
                        "ExpectedSize":  1072,
                        "ActualSize":  0,
                        "HashMatch":  false,
                        "SizeMatch":  false,
                        "Error":  "File not found",
                        "Timestamp":  {
                                          "value":  "\/Date(1764222573901)\/",
                                          "DisplayHint":  2,
                                          "DateTime":  "Wednesday, November 26, 2025 10:49:33 PM"
                                      }
                    },
                    {
                        "File":  "iron-veil-sbg-main/docs/SBOM.md",
                        "Status":  "MISSING",
                        "ExpectedHash":  "bcea67f7abd16836f80fa048f9c31deacc3452d693d132bd1692863674c3fde8",
                        "ActualHash":  "",
                        "ExpectedSize":  181,
                        "ActualSize":  0,
                        "HashMatch":  false,
                        "SizeMatch":  false,
                        "Error":  "File not found",
                        "Timestamp":  {
                                          "value":  "\/Date(1764222573903)\/",
                                          "DisplayHint":  2,
                                          "DateTime":  "Wednesday, November 26, 2025 10:49:33 PM"
                                      }
                    },
                    {
                        "File":  "iron-veil-sbg-main/docs/SECURITY_FEATURES.md",
                        "Status":  "MISSING",
                        "ExpectedHash":  "2f217df2c7d427a4df625e786645174b8aabed380d3837e2dbdc12f0874d81a3",
                        "ActualHash":  "",
                        "ExpectedSize":  425,
                        "ActualSize":  0,
                        "HashMatch":  false,
                        "SizeMatch":  false,
                        "Error":  "File not found",
                        "Timestamp":  {
                                          "value":  "\/Date(1764222573906)\/",
                                          "DisplayHint":  2,
                                          "DateTime":  "Wednesday, November 26, 2025 10:49:33 PM"
                                      }
                    }
                ]
}
